{"cameraMode":{"drawMode":0,"name":"Shaded","section":"Shading Mode"},"sceneLighting":false,"audioPlay":false,"sceneViewState":{"showFog":true,"showMaterialUpdate":false,"showSkybox":true,"showFlares":true,"showImageEffects":true,"showParticleSystems":true},"in2DMode":false,"pivot":{"x":0.2091093808412552,"y":2.35003399848938,"z":-1.3324010372161866},"rotation":{"x":-0.23853814601898194,"y":-0.2856138348579407,"z":0.07363035529851914,"w":-0.9252676367759705},"size":1.0398952960968018,"orthographic":false}