{"cameraMode":{"drawMode":0,"name":"Shaded","section":"Shading Mode"},"sceneLighting":true,"audioPlay":false,"sceneViewState":{"showFog":true,"showMaterialUpdate":false,"showSkybox":true,"showFlares":true,"showImageEffects":true,"showParticleSystems":true},"in2DMode":false,"pivot":{"x":-1.2549952268600464,"y":3.527348279953003,"z":0.355180025100708},"rotation":{"x":0.10215277224779129,"y":0.8282461762428284,"z":0.16082777082920075,"w":-0.5270688533782959},"size":3.2355844974517824,"orthographic":false}