{"cameraMode":{"drawMode":0,"name":"Shaded","section":"Shading Mode"},"sceneLighting":true,"audioPlay":false,"sceneViewState":{"showFog":true,"showMaterialUpdate":false,"showSkybox":true,"showFlares":true,"showImageEffects":true,"showParticleSystems":true},"in2DMode":false,"pivot":{"x":3.228569507598877,"y":2.59544038772583,"z":-2.5270233154296877},"rotation":{"x":-0.17628264427185059,"y":-0.6999143958091736,"z":0.18489210307598115,"w":-0.667068362236023},"size":2.8281030654907228,"orthographic":false}