{"cameraMode":{"drawMode":0,"name":"Shaded","section":"Shading Mode"},"sceneLighting":true,"audioPlay":false,"sceneViewState":{"showFog":true,"showMaterialUpdate":true,"showSkybox":true,"showFlares":true,"showImageEffects":true,"showParticleSystems":true},"in2DMode":false,"pivot":{"x":0.6892067193984985,"y":4.053948879241943,"z":-2.2428226470947267},"rotation":{"x":0.12369266897439957,"y":-0.08770065754652024,"z":0.010975475423038006,"w":0.9883769750595093},"size":2.826794385910034,"orthographic":false}